image,md5,avg
0a2bTiLScXKsefkYmqWApEuh7yUQJOztxMBFrNG8.jpg,3c6dbba0647d38f391296f2ba8ea13b2,fffffffffffff57dfff0383fe0101fe3100fe310cfe300cfe301c7e00007c00007c00005c00005c00007c00007c00007c0100780380781fe07f7ff83ffffff8003ffc01007c01007
0a7Yse5rKFy3LkJpvmbnzqx4otQuGRCZ9Hf2SBhT.jpg,5be679281a5281e6981ddc547f68e5ca,00000000000000000000000000000000000000000000000403befc07bff803d18001c00007fe003df3f87bfbf87dffb03ecfe01e7f9e7ffffffffffcffffffffffffffffffffffff
0AJCmS7rGEKj1YqWneoNFxPTaf3iZVtzvRch6HuU.jpg,74fdaf9732b1e8165b100e3893fa3af4,01fbff01fff700ffff0003ff0061ff00f9ff00ffff061fff1ebe7f0ff63f0dff0701ffe000fff007fff003ffe003ffe003ffc003ff8001fc00183c00083c00003c00001c00001c00
0albKpzjcyVZtgTi2Q7CD8eR9kFqPX3IYHsxEoMv.jpg,7774008bc47d537658e9049a9bd4b2e5,fffffffffffffffffffffffffeffff000000800001fffffffffffffffd7ffe007ffe007ffffb7ff8001ff8001ff8321ffe50fffe007ffe007fffffffffffffffffffffffffffffff
0amlzgcyR58IrvtSHEOF9YxnjoCeANLwpq4Q6PVi.jpg,0ecb400f32d4a07c80d3158420ed6227,fcf8c079e180bbc200ff3678ffe4feffcdffff99fffe18fffc15fff033ffc07a7f98ffb8f0ef9ce1e009c1f80383c0000280640400f30c40fd18013c100639201f7f006fff004fff
0BW2wgvQhs9ZOulGzTSUy1j8m3edCEkNLopHqPac.jpg,f8c08d797aeb002144bfcaded19a7feb,0000000000000000000000000000000000000008800c41c40ce1cc1feffc1ffffc1feffc1feffc3ffffc3ffffc3ffbfc3ffbfc1fe3fc0001e8000000000000000000000000000000
0bW781VeTjGHPwxdiBMLsQcNJOIrlv9XkqA4gfUm.jpg,38d862b7d92b0f70a0744ca325075765,ffffc7ffffcffffe4ffffe6ffffc7ffffc7ff9fc7ff8fc7f8438ff8c1bdf2fffbfbedf3fffc47fffe0fffffffffce0bff8100f70001fb0007f8803ff1c0eff0813ff000fff00bfef
0bznUrguMCTG5KhwZ2RqdpiDWQoL79XjESIHfl81.jpg,5975934b94984e1eb03bd67c617a59c7,00000000000000000000000000000000000000e00019f0003fff007ffff07ffff87ffff87ffffc7ffffe7ffffe7ffffe7ffffc7ffff00fcf00000000000000000000000000000000
0c3KkftIFuyZ9TC2hLjNUWrYdbgMOJQABPzxHVXn.jpg,e7665b6e8dbceb51676063314d7e03d0,800001800001de7bcf9e71cf9e7bcf9e73cf9e73cf9e7bdf9e718f9e7bcf9e73cf9e7bcf9e7bcf9e71cf9e7bdf9e73cf9e7bcf9e7bcf9e73cf9e7bcf9e71cf9e7bcf9f7bdf800000
0c3vFg5sDldjT2zkXZoiL7EMYp6aQrVKGIU1wNRt.jpg,a0c9f52607b813ab78b915cf90db7cbc,fffffff07fd3e00003e000ffa00007e00007e00006e00006f01fffe002ffe00007e00003efffffffffffffffffa07fc3a0004fe1fe7fe1ffffe002ffe00007e00003efffffffffff
0C4ZUFd8ySQiwt3v2uGheqgLKPmrRbcsYf9jE7xM.jpg,354bb1b2b6fba44bf02a279a9d29eb8d,00000000000000000000000000000000000000000000000000000003ffe003ffe007ffe007ffe003ffe003ffe0000000000000000000000000000000000000000000000000000000
